,정류장_ID,정류장_명칭,정류장_유형,정류장_번호,위도,경도,sgg_oid,jibun,pnu,ADM_DR_CD,ADM_DR_NM,geometry,x,y
0,274000018,잠실대교북단(경유),일반차로,78449,127.088565,37.528817,96951,753-3도,1121510500107530003,1105065,자양2동,POINT (963647.1288243234 1947802.8740342655),963647.1288243234,1947802.8740342655
1,277102301,잠실대교북단(경유),일반차로,78353,127.090492,37.529313,96289,701제,1121510500107010000,1105065,자양2동,POINT (963817.6317456564 1947857.1591678106),963817.6317456564,1947857.1591678106
2,274000019,잠실대교북단(경유),일반차로,78450,127.090479,37.529354,96289,701제,1121510500107010000,1105065,자양2동,POINT (963816.5029218596 1947861.7128701974),963816.5029218596,1947861.7128701974
3,104900116,행운슈퍼앞,마을버스,5572,127.08701,37.53295,94599,682-15대,1121510500106820015,1105065,자양2동,POINT (963511.7476431297 1948262.0076330916),963511.7476431297,1948262.0076330916
4,104900114,성자초등학교앞,마을버스,5562,127.082256,37.5313,95777,652-31대,1121510500106520031,1105065,자양2동,POINT (963090.9099659453 1948080.805095238),963090.9099659453,1948080.805095238
5,104900112,국민은행자양지점,마을버스,5551,127.079239,37.531986,95337,606-10대,1121510500106060010,1105065,자양2동,POINT (962824.687099475 1948158.100967083),962824.687099475,1948158.100967083
6,104900107,한창주택,마을버스,5588,127.089119,37.533715,94142,724-3도,1121510500107240003,1105065,자양2동,POINT (963698.4524209811 1948346.063636316),963698.4524209811,1948346.063636316
7,104900106,한창주택,마을버스,5576,127.089136,37.533614,94178,694대,1121510500106940000,1105065,자양2동,POINT (963699.9054324767 1948334.8517285169),963699.9054324767,1948334.8517285169
8,104900019,구의역4번출구,마을버스,5580,127.084837,37.536654,92569,216-10대,1121510500102160010,1105065,자양2동,POINT (963321.5732721094 1948673.7897189124),963321.5732721094,1948673.7897189124
9,104900016,행운슈퍼앞,마을버스,5589,127.087046,37.53307,94159,723 도,1121510500107230000,1105065,자양2동,POINT (963514.986766646 1948275.3069479773),963514.986766646,1948275.3069479773
10,104000291,동서울우편집중국앞,일반차로,5192,127.084408,37.535282,93237,680-68대,1121510500106800068,1105065,자양2동,POINT (963282.9995279276 1948521.7418554302),963282.9995279276,1948521.7418554302
11,104000106,구의역3번출구,일반차로,5199,127.088289,37.537519,92032,781-3대,1121510500107810003,1105065,자양2동,POINT (963626.9688201183 1948768.4155404454),963626.9688201183,1948768.4155404454
12,104000101,자양동잠실대교북단,일반차로,5194,127.085851,37.53212,95076,732-3도,1121510500107320003,1105065,자양2동,POINT (963408.9423843691 1948170.3744084113),963408.9423843691,1948170.3744084113
13,104000100,자양아파트앞,일반차로,5193,127.084673,37.531973,95341,679-16대,1121510500106790016,1105065,자양2동,POINT (963304.7907634375 1948154.5246144086),963304.7907634375,1948154.5246144086
14,104000098,국민은행자양지점앞,일반차로,5191,127.080739,37.531531,95617,636-5대,1121510500106360005,1105065,자양2동,POINT (962956.991528848 1948107.0295779295),962956.991528848,1948107.0295779295
15,104000097,자양미소약국.자양골목시장,일반차로,5190,127.076871,37.5327,94782,608-7대,1121510500106080007,1105065,자양2동,POINT (962615.8236328807 1948238.253667766),962615.8236328807,1948238.253667766
16,104000096,신자초등학교앞,일반차로,5189,127.075013,37.530369,96414,591학,1121510500105910000,1105065,자양2동,POINT (962450.4967491366 1947980.383322937),962450.4967491366,1947980.383322937
17,274116390,천호대교북단(경유),일반차로,78253,127.10795,37.544258,91230,555-4천,1121510400105550004,1105063,광장동,POINT (965367.0645719212 1949508.6445071572),965367.0645719212,1949508.6445071572
18,277102303,광나루역(경유),일반차로,78355,127.104251,37.544694,91245,218-22대,1121510400102180022,1105063,광장동,POINT (965040.5043543424 1949558.3851143268),965040.5043543424,1949558.3851143268
19,274116389,천호대교북단(경유),일반차로,78252,127.107619,37.54447,106509,190-3 도,1121510400101900003,1105063,광장동,POINT (965337.9227122542 1949532.2866426704),965337.9227122542,1949532.2866426704
20,274000021,올림픽대교북단(경유),일반차로,78452,127.100367,37.537977,91484,574-11천,1121510400105740011,1105063,광장동,POINT (964694.2326474806 1948814.6247040173),964694.2326474806,1948814.6247040173
21,274000020,올림픽대교북단(경유),일반차로,78451,127.100058,37.538206,91490,574-1도,1121510400105740001,1105063,광장동,POINT (964667.0418351085 1948840.1469537308),964667.0418351085,1948840.1469537308
22,104900127,광장자이아파트,마을버스,5671,127.094727,37.542369,91345,535-3도,1121510400105350003,1105063,광장동,POINT (964198.0621322715 1949304.0237709063),964198.0621322715,1949304.0237709063
23,104900126,광장자이아파트,마을버스,5990,127.094911,37.542167,91345,535-3도,1121510400105350003,1105063,광장동,POINT (964214.220267009 1949281.5430057095),964214.220267009,1949281.5430057095
24,104900119,한전삼거리,마을버스,5992,127.098019,37.545241,106453,414-1 학,1121510400104140001,1105063,광장동,POINT (964490.2418967983 1949621.4070553621),964490.2418967983,1949621.4070553621
25,104900118,청구아파트앞,마을버스,5993,127.096182,37.543261,91320,566대,1121510400105660000,1105063,광장동,POINT (964327.0228412742 1949402.432945519),964327.0228412742,1949402.432945519
26,104900010,청구아파트앞,마을버스,5670,127.096794,37.54239,91320,566대,1121510400105660000,1105063,광장동,POINT (964380.6723063156 1949305.568561505),964380.6723063156,1949305.568561505
27,104900111,청소년수련관,마을버스,5738,127.105432,37.546013,91073,303-2도,1121510400103030002,1105063,광장동,POINT (965145.4455417613 1949704.2820165115),965145.4455417613,1949704.2820165115
28,104000269,광진청소년수련관,일반차로,5265,127.105375,37.545951,91073,303-2도,1121510400103030002,1105063,광장동,POINT (965140.3814984175 1949697.424609226),965140.3814984175,1949697.424609226
29,104900110,워커힐아파트입구,마을버스,5584,127.106626,37.54792,105413,331-9 도,1121510400103310009,1105063,광장동,POINT (965251.8043734278 1949915.4106464908),965251.8043734278,1949915.4106464908
30,104900109,신동아아파트,마을버스,5519,127.105232,37.546319,91025,551도,1121510400105510000,1105063,광장동,POINT (965127.9208173428 1949738.3051033625),965127.9208173428,1949738.3051033625
31,104900108,광남고.삼성아파트,마을버스,5732,127.101749,37.542343,91341,453-1대,1121510400104530001,1105063,광장동,POINT (964818.3781128054 1949298.4886473396),964818.3781128054,1949298.4886473396
32,104900073,현대3.5차아파트,마을버스,5728,127.100352,37.540779,91424,554학,1121510400105540000,1105063,광장동,POINT (964694.2286648387 1949125.4956636806),964694.2286648387,1949125.4956636806
33,104900066,광나루현대아파트,마을버스,5740,127.107753,37.546694,90824,567대,1121510400105670000,1105063,광장동,POINT (965350.7894170645 1949778.9770982957),965350.7894170645,1949778.9770982957
34,104000307,광진구민체육센터,일반차로,5298,127.107798,37.546867,90824,567대,1121510400105670000,1105063,광장동,POINT (965354.8445834434 1949798.1538611732),965354.8445834434,1949798.1538611732
35,104900064,한강호텔입구,마을버스,5742,127.109315,37.548275,105567,320-4도,1121510400103200004,1105063,광장동,POINT (965489.4984220183 1949953.8053718645),965489.4984220183,1949953.8053718645
36,104900057,한강호텔입구,마을버스,5509,127.109452,37.548455,105567,320-4도,1121510400103200004,1105063,광장동,POINT (965501.6830934011 1949973.7250507614),965501.6830934011,1949973.7250507614
37,104900054,광나루현대아파트,마을버스,5514,127.107587,37.546722,105567,320-4도,1121510400103200004,1105063,광장동,POINT (965336.1386828583 1949782.1447267965),965336.1386828583,1949782.1447267965
38,104900063,워커힐팰리스,마을버스,5744,127.109672,37.550013,90382,125대,1121510400101250000,1105063,광장동,POINT (965521.8341148938 1950146.4954668817),965521.8341148938,1950146.4954668817
39,104900058,정보도서관,마을버스,5504,127.110462,37.550249,90302,141-2도,1121510400101410002,1105063,광장동,POINT (965591.7245843274 1950172.3888706665),965591.7245843274,1950172.3888706665
40,104900050,광남고.삼성아파트,마을버스,5528,127.101418,37.541948,214630,453-7 도,1121510400104530007,1105063,광장동,POINT (964788.9515771602 1949254.7896157547),964788.9515771602,1949254.7896157547
41,104900046,현대3차아파트,마을버스,5533,127.099649,37.540465,91436,486-1도,1121510400104860001,1105063,광장동,POINT (964631.9755344259 1949090.923404192),964631.9755344259,1949090.923404192
42,104900020,광장중학교앞,마을버스,5578,127.102402,37.54679,106390,248-22대,1121510400102480022,1105063,광장동,POINT (964878.1509349064 1949791.6132647733),964878.1509349064,1949791.6132647733
43,104900018,장신대앞,마을버스,5581,127.105227,37.547539,105388,250 대,1121510400102500000,1105063,광장동,POINT (965128.0474751623 1949873.6588942544),965128.0474751623,1949873.6588942544
44,104900017,워커힐아파트,마을버스,5587,127.107588,37.550004,90245,145-8대,1121510400101450008,1105063,광장동,POINT (965337.7468456578 1950146.2633171205),965337.7468456578,1950146.2633171205
45,104900015,워커힐아파트입구,마을버스,5591,127.106475,37.54809,90752,331-1대,1121510400103310001,1105063,광장동,POINT (965238.5448707673 1949934.3269860384),965238.5448707673,1949934.3269860384
46,104900013,장신대앞,마을버스,5595,127.105132,37.54763,90873,287도,1121510400102870000,1105063,광장동,POINT (965119.6980959944 1949883.7900600343),965119.6980959944,1949883.7900600343
47,104900012,광장중학교앞,마을버스,5597,127.102489,37.546948,90983,395-2수,1121510400103950002,1105063,광장동,POINT (964885.9102332785 1949809.1099542235),964885.9102332785,1949809.1099542235
48,104900011,한전삼거리,마을버스,5600,127.097966,37.545443,91134,401-21수,1121510400104010021,1105063,광장동,POINT (964485.6558499995 1949643.8378034616),964485.6558499995,1949643.8378034616
49,104900008,금호아파트앞,마을버스,5673,127.093844,37.543284,91304,533-2도,1121510400105330002,1105063,광장동,POINT (964120.4958125916 1949405.8742723064),964120.4958125916,1949405.8742723064
50,104000072,올림픽대교북단사거리,일반차로,5165,127.093688,37.543389,91304,533-2도,1121510400105330002,1105063,광장동,POINT (964106.765174221 1949417.5829524593),964106.765174221,1949417.5829524593
51,104000306,광나루우편취급국,일반차로,5299,127.106392,37.547557,106526,328-2 도,1121510400103280002,1105063,광장동,POINT (965230.9655865532 1949875.2244075765),965230.9655865532,1949875.2244075765
52,104000271,워커힐아파트.광장동,일반차로,5172,127.106715,37.547896,106526,328-2 도,1121510400103280002,1105063,광장동,POINT (965259.6549696256 1949912.7150939675),965259.6549696256,1949912.7150939675
53,104000305,광진구보훈회관,일반차로,5298,127.107723,37.547735,137188,325-2 도,1121510400103250002,1105063,광장동,POINT (965348.6212381738 1949894.481074299),965348.6212381738,1949894.481074299
54,104000298,광나루역,중앙차로,5011,127.103282,37.545508,91137,238도,1121510400102380000,1105063,광장동,POINT (964955.2859715625 1949649.0544193108),964955.2859715625,1949649.0544193108
55,104000078,광나루역,일반차로,5171,127.103229,37.545614,91137,238도,1121510400102380000,1105063,광장동,POINT (964950.6537415562 1949660.8342600947),964950.6537415562,1949660.8342600947
56,104000297,광나루역,중앙차로,5012,127.103268,37.545177,91170,237-12도,1121510400102370012,1105063,광장동,POINT (964953.8942980628 1949612.3371117963),964953.8942980628,1949612.3371117963
57,104000282,워커힐호텔,일반차로,5753,127.110386,37.554104,90153,5-36임,1121510400100050036,1105063,광장동,POINT (965586.7839997833 1950600.1069308203),965586.7839997833,1950600.1069308203
58,104000281,워커힐호텔비스타워커힐,일반차로,5745,127.110266,37.554242,90153,5-36임,1121510400100050036,1105063,광장동,POINT (965576.2482623202 1950615.461186165),965576.2482623202,1950615.461186165
59,104000081,워커힐입구,일반차로,5174,127.108723,37.550613,232241,145-2 도,1121510400101450002,1105063,광장동,POINT (965438.2844630327 1950213.4104931564),965438.2844630327,1950213.4104931564
60,104000080,워커힐아파트앞,일반차로,5173,127.109026,37.550496,106138,121 대,1121510400101210000,1105063,광장동,POINT (965464.9947454322 1950200.3186610595),965464.9947454322,1950200.3186610595
61,104000077,광나루역,일반차로,5170,127.103305,37.545094,91199,580대,1121510400105800000,1105063,광장동,POINT (964957.1239275362 1949603.1149534446),964957.1239275362,1949603.1149534446
62,104000076,광나루역.극동아파트,일반차로,5169,127.103086,37.543917,224241,236 도,1121510400102360000,1105063,광장동,POINT (964937.2267781945 1949472.6153102117),964937.2267781945,1949472.6153102117
63,104000073,광장동현대아파트앞,일반차로,5166,127.097463,37.541797,224241,236 도,1121510400102360000,1105063,광장동,POINT (964439.490549808 1949239.5254593997),964439.490549808,1949239.5254593997
64,104000075,광나루역.극동아파트,일반차로,5168,127.103069,37.543473,91255,218-1대,1121510400102180001,1105063,광장동,POINT (964935.5170650452 1949423.3624442485),964935.5170650452,1949423.3624442485
65,104000074,광장동현대아파트앞,일반차로,5167,127.099075,37.542013,91357,565대,1121510400105650000,1105063,광장동,POINT (964581.9989809063 1949262.8809658596),964581.9989809063,1949262.8809658596
66,277101942,동서울터미널(경유),가상정류장,78080,127.093084,37.536653,89766,589-10대,1121510300105890010,1105062,구의3동,POINT (964050.1741416721 1948670.4940833033),964050.1741416721,1948670.4940833033
67,104000277,강변역,일반차로,5612,127.093311,37.536405,89766,589-10대,1121510300105890010,1105062,구의3동,POINT (964070.1100183502 1948642.8932016206),964070.1100183502,1948642.8932016206
68,277101909,강변역출발(경유),일반차로,78074,127.093642,37.537661,89542,658대,1121510300106580000,1105062,구의3동,POINT (964099.9552578417 1948782.1125322937),964099.9552578417,1948782.1125322937
69,277101720,구의3동주민센터(경유),일반차로,78424,127.091878,37.537918,89552,587-33도,1121510300105870033,1105062,구의3동,POINT (963944.2362324712 1948811.3000643975),963944.2362324712,1948811.3000643975
70,277101638,올림픽대교북단(경유),일반차로,78400,127.099837,37.537769,89622,585-2천,1121510300105850002,1105062,구의3동,POINT (964647.3111479663 1948791.7474610195),964647.3111479663,1948791.7474610195
71,104900133,구의3동주민센터,마을버스,5757,127.091538,37.538166,89486,587-15대,1121510300105870015,1105062,구의3동,POINT (963914.3181250646 1948838.9446186987),963914.3181250646,1948838.9446186987
72,104900129,강변역.테크노마트앞,마을버스,5999,127.094602,37.536276,89609,546-3도,1121510300105460003,1105062,구의3동,POINT (964184.1052287866 1948628.0889429701),964184.1052287866,1948628.0889429701
73,104900104,테크노마트C,마을버스,5547,127.094247,37.536627,89609,546-3도,1121510300105460003,1105062,구의3동,POINT (964152.909755683 1948667.165570541),964152.909755683,1948667.165570541
74,104900038,강변역.테크노마트앞,마을버스,5543,127.094859,37.536393,89609,546-3도,1121510300105460003,1105062,구의3동,POINT (964206.8665541076 1948640.9715460842),964206.8665541076,1948640.9715460842
75,104000279,테크노마트앞.강변역,일반차로,5162,127.094195,37.536672,89609,546-3도,1121510300105460003,1105062,구의3동,POINT (964148.3372319149 1948672.1778765735),964148.3372319149,1948672.1778765735
76,104000069,테크노마트앞.강변역,일반차로,5267,127.094065,37.53683,89609,546-3도,1121510300105460003,1105062,구의3동,POINT (964136.927737211 1948689.7566077216),964136.927737211,1948689.7566077216
77,104900105,프라임아파트앞,마을버스,5538,127.096754,37.538008,106473,623-1 도,1121510300106230001,1105062,구의3동,POINT (964375.0538282287 1948819.426609159),964375.0538282287,1948819.426609159
78,104000070,현대2단지,일반차로,5163,127.096666,37.537962,106473,623-1 도,1121510300106230001,1105062,구의3동,POINT (964367.2575065289 1948814.3565239348),964367.2575065289,1948814.3565239348
79,104900103,동서울호텔앞,마을버스,5585,127.092069,37.534535,106477,607 도,1121510300106070000,1105062,구의3동,POINT (963959.4822028509 1948435.9031057726),963959.4822028509,1948435.9031057726
80,104900102,미니스톱구의중앙점앞,마을버스,5555,127.090016,37.541551,87950,224-27대,1121510300102240027,1105062,구의3동,POINT (963781.4934443528 1949215.0756551933),963781.4934443528,1949215.0756551933
81,104900101,금호아파트앞,마을버스,5570,127.093241,37.543359,87129,202-1대,1121510300102020001,1105062,구의3동,POINT (964067.2630271703 1949414.4253612615),964067.2630271703,1949414.4253612615
82,104000071,올림픽대교북단사거리,일반차로,5164,127.09321,37.543393,87129,202-1대,1121510300102020001,1105062,구의3동,POINT (964064.5408218752 1949418.2093111763),964064.5408218752,1949418.2093111763
83,104900100,구의역,마을버스,5550,127.089237,37.538239,89416,244-50대,1121510300102440050,1105062,구의3동,POINT (963711.070154121 1948847.9290283385),963711.070154121,1948847.9290283385
84,104900099,구의아크로리버앞,마을버스,5579,127.092136,37.535293,89857,594-2대,1121510300105940002,1105062,구의3동,POINT (963965.7663729466 1948519.9730066657),963965.7663729466,1948519.9730066657
85,104900097,강변역A,마을버스,5582,127.093633,37.53588,89785,546-7대,1121510300105460007,1105062,구의3동,POINT (964098.3062923689 1948584.5245964737),964098.3062923689,1948584.5245964737
86,104000280,강변역B,일반차로,5266,127.093535,37.535975,89785,546-7대,1121510300105460007,1105062,구의3동,POINT (964089.6937100438 1948595.1016988198),964089.6937100438,1948595.1016988198
87,104000276,동서울터미널.테크노마트.강변,중앙차로,78645,127.093535,37.535975,89785,546-7대,1121510300105460007,1105062,구의3동,POINT (964089.6937100438 1948595.1016988198),964089.6937100438,1948595.1016988198
88,104000183,강변역A,일반차로,5161,127.0935,37.536026,89785,546-7대,1121510300105460007,1105062,구의3동,POINT (964086.6259800685 1948600.7732109868),964086.6259800685,1948600.7732109868
89,104900077,테크노마트.광진문화원,마을버스,5721,127.096101,37.537021,89247,631-1대,1121510300106310001,1105062,구의3동,POINT (964316.8936832044 1948710.1724032674),964316.8936832044,1948710.1724032674
90,104900075,프라임아파트앞,마을버스,5724,127.097032,37.537838,89247,631-1대,1121510300106310001,1105062,구의3동,POINT (964399.5331445426 1948800.4608343034),964399.5331445426,1948800.4608343034
91,104900032,구의홈마트앞,마을버스,5560,127.089723,37.54029,88472,223-65대,1121510300102230065,1105062,구의3동,POINT (963754.9989123424 1949075.287980005),963754.9989123424,1949075.287980005
92,104900025,래미안구의파크스위트사거리,마을버스,5565,127.0906,37.544049,86763,228-15대,1121510300102280015,1105062,구의3동,POINT (963834.2916733181 1949491.9894372663),963834.2916733181,1949491.9894372663
93,104000303,구의3동주민센터,일반차로,5273,127.09216,37.539357,88939,659대,1121510300106590000,1105062,구의3동,POINT (963969.8422055639 1948970.8405363264),963969.8422055639,1948970.8405363264
94,104000302,구의3동주민센터,일반차로,5272,127.092632,37.538897,89134,218-12대,1121510300102180012,1105062,구의3동,POINT (964011.3195990041 1948919.62549621),964011.3195990041,1948919.62549621
95,104000289,동서울터미널,중앙차로,78647,127.093474,37.534729,89860,546-1대,1121510300105460001,1105062,구의3동,POINT (964083.7068947764 1948456.8887272421),964083.7068947764,1948456.8887272421
96,104000288,동서울터미널,중앙차로,78646,127.092712,37.534054,89860,546-1대,1121510300105460001,1105062,구의3동,POINT (964016.060097656 1948382.2928071748),964016.060097656,1948382.2928071748
97,104000065,광진우체국,일반차로,5158,127.090409,37.537998,89495,245-21대,1121510300102450021,1105062,구의3동,POINT (963814.4947000263 1948820.7398601128),963814.4947000263,1948820.7398601128
98,104000064,현대아파트앞,일반차로,5157,127.094254,37.539585,172722,199-97 도,1121510300101990097,1105062,구의3동,POINT (964154.944192082 1948995.3355006669),964154.944192082,1948995.3355006669
99,104000063,현대아파트앞,일반차로,5156,127.094009,37.539552,85677,213-16 도,1121510300102130016,1105062,구의3동,POINT (964133.2841125362 1948991.7677673588),964133.2841125362,1948991.7677673588
100,104900132,용마사거리,마을버스,5994,127.082348,37.561869,77149,41-35대,1121510100100410035,1105056,중곡2동,POINT (963114.1043331531 1951472.2248513103),963114.1043331531,1951472.2248513103
101,104900120,용마초등학교,마을버스,5991,127.081814,37.556509,81135,272-12도,1121510100102720012,1105056,중곡2동,POINT (963064.2968828075 1950877.7719181017),963064.2968828075,1950877.7719181017
102,104000003,군자역.용마초등학교,중앙차로,5003,127.082473,37.556099,81135,272-12도,1121510100102720012,1105056,중곡2동,POINT (963122.3003673723 1950832.0259360652),963122.3003673723,1950832.0259360652
103,104900088,장군갈비앞,마을버스,5532,127.088258,37.554852,82216,117-11대,1121510100101170011,1105056,중곡2동,POINT (963632.6516228822 1950691.4243256594),963632.6516228822,1950691.4243256594
104,104000167,중곡동입구,일반차로,5260,127.088262,37.554799,82216,117-11대,1121510100101170011,1105056,중곡2동,POINT (963632.9791709391 1950685.5427239465),963632.9791709391,1950685.5427239465
105,104900086,국민은행앞,마을버스,5746,127.087652,37.558431,80143,124-22대,1121510100101240022,1105056,중곡2동,POINT (963580.867981345 1951088.7291555633),963580.867981345,1951088.7291555633
106,104900084,중곡2동주민센터앞,마을버스,5546,127.08121,37.559939,78722,47-19대,1121510100100470019,1105056,중곡2동,POINT (963012.6446879592 1951258.549092739),963012.6446879592,1951258.549092739
107,104900083,국민은행앞,마을버스,5750,127.087011,37.559844,78738,279-1도,1121510100102790001,1105056,중곡2동,POINT (963524.9425559394 1951245.7423015477),963524.9425559394,1951245.7423015477
108,101000252,신성시장앞,일반차로,5118,127.087676,37.558316,106492,266-5 도,1121510100102660005,1105056,중곡2동,POINT (963582.9317338907 1951075.9612405293),963582.9317338907,1951075.9612405293
109,104900062,중곡우체국앞,마을버스,5751,127.083937,37.561514,137813,277-1 도,1121510100102770001,1105056,중곡2동,POINT (963254.2668039112 1951432.2170851994),963254.2668039112,1951432.2170851994
110,104000026,중곡우체국앞,일반차로,5119,127.083987,37.561489,137813,277-1 도,1121510100102770001,1105056,중곡2동,POINT (963258.6704327681 1951429.4239236952),963258.6704327681,1951429.4239236952
111,104900056,구.새마을금고앞,마을버스,5512,127.087171,37.561442,77500,150-115대,1121510100101500115,1105056,중곡2동,POINT (963539.8524922297 1951422.96958165),963539.8524922297,1951422.96958165
112,104900043,찬양교회,마을버스,5537,127.086654,37.554581,106493,272-14 도,1121510100102720014,1105056,중곡2동,POINT (963490.8445569039 1950661.9801668497),963490.8445569039,1950661.9801668497
113,104000005,중곡동입구삼거리,중앙차로,5005,127.086551,37.554497,106493,272-14 도,1121510100102720014,1105056,중곡2동,POINT (963481.7059588006 1950652.700845399),963481.7059588006,1950652.700845399
114,104900041,중곡우체국앞,마을버스,5540,127.084058,37.561164,77812,340-34대,1121510100103400034,1105056,중곡2동,POINT (963264.7814481437 1951393.3391897806),963264.7814481437,1951393.3391897806
115,104900039,군자역,마을버스,5542,127.080082,37.557875,80534,158-19대,1121510100101580019,1105056,중곡2동,POINT (962911.9967013664 1951030.004095088),962911.9967013664,1951030.004095088
116,104900033,중곡보건지소,마을버스,5554,127.087075,37.559531,79175,125-2대,1121510100101250002,1105056,중곡2동,POINT (963530.442480423 1951210.9918336428),963530.442480423,1951210.9918336428
117,104000021,중곡동성당앞,일반차로,5114,127.082847,37.56309,106494,273-1 도,1121510100102730001,1105056,중곡2동,POINT (963158.7761312894 1951607.4924601722),963158.7761312894,1951607.4924601722
118,104000024,중곡보건지소,일반차로,5117,127.087383,37.559957,78764,56-7대,1121510100100560007,1105056,중곡2동,POINT (963557.8526623109 1951258.134731412),963557.8526623109,1951258.134731412
119,104000023,중곡동종점,일반차로,5116,127.087062,37.562073,76733,150-103도,1121510100101500103,1105056,중곡2동,POINT (963530.5333917242 1951493.0178847034),963530.5333917242,1951493.0178847034
120,104000022,종합의료복합단지,일반차로,5115,127.08336,37.563888,76001,31-7대,1121510100100310007,1105056,중곡2동,POINT (963204.4748622115 1951695.8252751182),963204.4748622115,1951695.8252751182
121,104000020,중곡2동주민센터앞,일반차로,5113,127.081155,37.55984,78878,47-17대,1121510100100470017,1105056,중곡2동,POINT (963007.7381427616 1951247.5872290137),963007.7381427616,1951247.5872290137
122,104900128,중곡아파트.기점,마을버스,5511,127.078227,37.566996,74737,190-26대,1121510100101900026,1105057,중곡3동,POINT (962752.6998544594 1952042.6633376302),962752.6998544594,1952042.6633376302
123,104900125,중곡119안전센터,마을버스,5755,127.086244,37.566757,106489,266-1 도,1121510100102660001,1105057,중곡3동,POINT (963460.5776077538 1952013.0001461469),963460.5776077538,1952013.0001461469
124,104900060,용암사입구,마을버스,5502,127.086117,37.567515,106489,266-1 도,1121510100102660001,1105057,중곡3동,POINT (963449.7323739389 1952097.1455842666),963449.7323739389,1952097.1455842666
125,104000041,대원고교앞,일반차로,5134,127.086709,37.563966,106489,266-1 도,1121510100102660001,1105057,중곡3동,POINT (963500.2808954049 1951703.1730061295),963500.2808954049,1951703.1730061295
126,104000038,용암사입구,일반차로,5131,127.086057,37.567916,106489,266-1 도,1121510100102660001,1105057,중곡3동,POINT (963444.6296832548 1952141.6577345554),963444.6296832548,1952141.6577345554
127,104900087,대원외고앞,마을버스,5507,127.086698,37.563994,75923,28-26대,1121510100100280026,1105057,중곡3동,POINT (963499.3230894427 1951706.2837270165),963499.3230894427,1951706.2837270165
128,104900085,중곡아파트.종점,마을버스,5501,127.077916,37.566379,105354,190-29 대,1121510100101900029,1105057,중곡3동,POINT (962724.9274729546 1951974.3337846615),962724.9274729546,1951974.3337846615
129,104000029,중곡아파트,일반차로,5122,127.0779,37.566401,105354,190-29 대,1121510100101900029,1105057,중곡3동,POINT (962723.5254377577 1951976.7809139893),962723.5254377577,1951976.7809139893
130,104000274,종합의료복합단지,일반차로,5269,127.083395,37.564527,106494,273-1 도,1121510100102730001,1105057,중곡3동,POINT (963207.8801641919 1951766.7051791751),963207.8801641919,1951766.7051791751
131,104000273,중곡역.국립정신건강센터,일반차로,5270,127.084325,37.566229,106494,273-1 도,1121510100102730001,1105057,중곡3동,POINT (963290.8479177736 1951955.1692563111),963290.8479177736,1951955.1692563111
132,104000272,용곡삼거리,일반차로,5271,127.0856,37.568578,74069,169-10대,1121510100101690010,1105057,중곡3동,POINT (963404.5956444633 1952215.2809857677),963404.5956444633,1952215.2809857677
133,104000248,면곡시장,일반차로,5687,127.081375,37.571462,72951,580-1대,1121510100105800001,1105057,중곡3동,POINT (963032.912273803 1952536.8993407802),963032.912273803,1952536.8993407802
134,104000040,중곡역.국립정신건강센터,일반차로,5133,127.084545,37.566046,247480,30-81 도,1121510100100300081,1105057,중곡3동,POINT (963310.1869220622 1951934.7804713869),963310.1869220622,1951934.7804713869
135,104000039,용곡삼거리,일반차로,5132,127.08559,37.567933,74282,29-56대,1121510100100290056,1105057,중곡3동,POINT (963403.3969721904 1952143.7255618786),963403.3969721904,1952143.7255618786
136,104000037,면곡시장앞,일반차로,5130,127.083418,37.57089,73097,555-4대,1121510100105550004,1105057,중곡3동,POINT (963213.0408571276 1952472.6371560649),963213.0408571276,1952472.6371560649
137,104000036,면곡시장앞,일반차로,5129,127.083137,37.570635,73191,558-2대,1121510100105580002,1105057,중곡3동,POINT (963188.1010684901 1952444.4562960372),963188.1010684901,1952444.4562960372
138,104000035,중곡3동주민센터앞,일반차로,5128,127.082642,37.568492,172497,264-6 도,1121510100102640006,1105057,중곡3동,POINT (963143.3329485102 1952206.89580821),963143.3329485102,1952206.89580821
139,104000033,중곡역입구,일반차로,5126,127.081741,37.566853,172497,264-6 도,1121510100102640006,1105057,중곡3동,POINT (963062.9564036868 1952025.4112420145),963062.9564036868,1952025.4112420145
140,104000034,중곡3동주민센터앞,일반차로,5127,127.082885,37.568635,222129,200 도,1121510100102000000,1105057,중곡3동,POINT (963164.8626716939 1952222.6656187174),963164.8626716939,1952222.6656187174
141,104000032,중곡역입구,일반차로,5125,127.081615,37.56634,75047,193-59대,1121510100101930059,1105057,중곡3동,POINT (963051.5757244399 1951968.5461626155),963051.5757244399,1951968.5461626155
142,104000031,중마초등학교.중곡제일골목시장앞,일반차로,5124,127.080997,37.565497,74958,264-5도,1121510100102640005,1105057,중곡3동,POINT (962996.5816465664 1951875.262981515),962996.5816465664,1951875.262981515
143,104000028,면곡시장,일반차로,5121,127.079583,37.570277,111569,263-1 도,1121510100102630001,1105057,중곡3동,POINT (962874.0790208823 1952406.1363260348),962874.0790208823,1952406.1363260348
144,104000027,면곡시장,일반차로,5120,127.079729,37.569746,73576,181-13대,1121510100101810013,1105057,중곡3동,POINT (962886.7084736414 1952347.166998042),962886.7084736414,1952347.166998042
145,104000016,중마초등학교.중곡제일골목시장앞,일반차로,5109,127.080993,37.565214,75440,193-51대,1121510100101930051,1105057,중곡3동,POINT (962996.0884047522 1951843.867222847),962996.0884047522,1951843.867222847
146,104900124,중곡4동경로당입구앞,마을버스,5500,127.093963,37.559131,79291,438-2도,1121510100104380002,1105058,중곡4동,POINT (964138.6019524606 1951163.9636647515),964138.6019524606,1951163.9636647515
147,104900055,CU중곡긴고랑점앞,마을버스,5513,127.093031,37.558916,79291,438-2도,1121510100104380002,1105058,중곡4동,POINT (964056.183590334 1951140.4666085762),964056.183590334,1951140.4666085762
148,104900052,중곡4동어린이집입구,마을버스,5518,127.091704,37.558685,79291,438-2도,1121510100104380002,1105058,중곡4동,POINT (963938.8700833172 1951115.3467308518),963938.8700833172,1951115.3467308518
149,104900123,강원설비앞,마을버스,5505,127.090136,37.559003,79290,452-1도,1121510100104520001,1105058,중곡4동,POINT (963800.5359165862 1951151.229819636),963800.5359165862,1951151.229819636
150,104900049,긴고랑입구,마을버스,5523,127.088669,37.558877,79290,452-1도,1121510100104520001,1105058,중곡4동,POINT (963670.9077375454 1951137.816824493),963670.9077375454,1951137.816824493
151,104900122,강원설비앞,마을버스,5506,127.089935,37.558849,79795,77-1대,1121510100100770001,1105058,중곡4동,POINT (963782.7088422464 1951134.2218003883),963782.7088422464,1951134.2218003883
152,104900121,중곡4동경로당입구앞,마을버스,5510,127.094281,37.559193,79509,74-63대,1121510100100740063,1105058,중곡4동,POINT (964166.7176908668 1951170.7209389608),964166.7176908668,1951170.7209389608
153,104900089,중앙상회앞,마을버스,5508,127.094797,37.560159,137819,437-1 도,1121510100104370001,1105058,중곡4동,POINT (964212.753273715 1951277.696714699),964212.753273715,1951277.696714699
154,104900078,기원정사입구,마을버스,5720,127.093043,37.555279,82038,107-43대,1121510100101070043,1105058,중곡4동,POINT (964055.4964451268 1950736.9570782904),964055.4964451268,1950736.9570782904
155,104900076,해오름공원입구,마을버스,5723,127.091364,37.55633,137828,440 도,1121510100104400000,1105058,중곡4동,POINT (963907.7049152605 1950854.2030343981),963907.7049152605,1950854.2030343981
156,104900074,우리들약국,마을버스,5727,127.090369,37.557044,137831,453 도,1121510100104530000,1105058,중곡4동,POINT (963820.1675335331 1950933.7998898549),963820.1675335331,1950933.7998898549
157,104900072,마을금고앞,마을버스,5731,127.089393,37.557731,137831,453 도,1121510100104530000,1105058,중곡4동,POINT (963734.2968742129 1951010.394858642),963734.2968742129,1951010.394858642
158,104900070,신성시장입구,마을버스,5735,127.088063,37.55867,106492,266-5 도,1121510100102660005,1105058,중곡4동,POINT (963617.2844287695 1951115.0857167942),963617.2844287695,1951115.0857167942
159,104000045,신성시장,일반차로,5138,127.08793,37.558319,106492,266-5 도,1121510100102660005,1105058,중곡4동,POINT (963605.3669508275 1951076.1956922768),963605.3669508275,1951076.1956922768
160,104900068,대순진리회앞.구.새마을금고,마을버스,5737,127.087568,37.560955,77952,150-101대,1121510100101500101,1105058,중곡4동,POINT (963574.6777190798 1951368.7856545625),963574.6777190798,1951368.7856545625
161,104900067,대원외고앞,마을버스,5739,127.087141,37.563245,76328,21-10대,1121510100100210010,1105058,중곡4동,POINT (963538.0816668968 1951623.0142674271),963538.0816668968,1951623.0142674271
162,104900065,중곡4동파출소,마을버스,5741,127.08677,37.565419,75316,18-27대,1121510100100180027,1105058,중곡4동,POINT (963506.3769403537 1951864.3518329528),963506.3769403537,1951864.3518329528
163,104900059,긴고랑종점,마을버스,5503,127.096043,37.562194,76969,72-59 도,1121510100100720059,1105058,중곡4동,POINT (964323.7699772398 1951502.9950891424),964323.7699772398,1951502.9950891424
164,104900053,신성시장입구,마을버스,5517,127.08801,37.558527,80125,79-1대,1121510100100790001,1105058,중곡4동,POINT (963612.5338506121 1951099.2411716592),963612.5338506121,1951099.2411716592
165,104900051,마을금고.브레드제과점,마을버스,5522,127.089247,37.557634,80788,82-1대,1121510100100820001,1105058,중곡4동,POINT (963721.3547511019 1950999.6895869086),963721.3547511019,1950999.6895869086
166,104900048,우리들약국,마을버스,5527,127.090285,37.556901,81293,89-1대,1121510100100890001,1105058,중곡4동,POINT (963812.6792159601 1950917.967169408),963812.6792159601,1950917.967169408
167,104900047,해오름공원입구,마을버스,5531,127.091123,37.556308,81590,89-10대,1121510100100890010,1105058,중곡4동,POINT (963886.4081621905 1950851.8548223416),963886.4081621905,1950851.8548223416
168,104900044,기원정사입구,마을버스,5536,127.093137,37.554883,82196,109-5대,1121510100101090005,1105058,중곡4동,POINT (964063.6088752804 1950692.987152788),964063.6088752804,1950692.987152788
169,104900029,긴고랑입구,마을버스,5559,127.088669,37.558736,79908,78-15대,1121510100100780015,1105058,중곡4동,POINT (963670.8392788525 1951122.173651218),963670.8392788525,1951122.173651218
170,104900026,중곡4동어린이집입구,마을버스,5564,127.091668,37.558517,80107,75-48대,1121510100100750048,1105058,중곡4동,POINT (963935.609538996 1951096.7218713204),963935.609538996,1951096.7218713204
171,104900023,CU중곡긴고랑점앞,마을버스,5569,127.093003,37.558759,79889,75-1대,1121510100100750001,1105058,중곡4동,POINT (964053.6351740117 1951123.0590338856),964053.6351740117,1951123.0590338856
172,104900021,중앙상회앞,마을버스,5574,127.095196,37.560241,78544,73-15대,1121510100100730015,1105058,중곡4동,POINT (964248.0320103233 1951286.642313285),964248.0320103233,1951286.642313285
173,104900001,종로약국앞,마을버스,5716,127.088106,37.557588,80602,79-9대,1121510100100790009,1105058,중곡4동,POINT (963620.556205219 1950995.0271448826),963620.556205219,1950995.0271448826
174,104000294,긴고랑주차장,일반차로,5515,127.095631,37.560961,77934,72-63임,1121510100100720063,1105058,중곡4동,POINT (964286.7947040059 1951366.3569729836),964286.7947040059,1951366.3569729836
175,104000046,중곡동입구,일반차로,5139,127.088669,37.554197,82328,93-46대,1121510100100930046,1105058,중곡4동,POINT (963668.6356094833 1950618.5968042046),963668.6356094833,1950618.5968042046
176,104000044,중곡동종점,일반차로,5137,127.087309,37.562695,76291,150-405도,1121510100101500405,1105058,중곡4동,POINT (963552.6508197384 1951561.9295859719),963552.6508197384,1951561.9295859719
177,104000043,대원고교앞,일반차로,5136,127.086968,37.564199,75803,18-72대,1121510100100180072,1105058,중곡4동,POINT (963523.2681441515 1951728.9225386756),963523.2681441515,1951728.9225386756
178,104000042,용암사입구,일반차로,5135,127.086374,37.567868,74364,18-1대,1121510100100180001,1105058,중곡4동,POINT (963472.6006883559 1952136.209122994),963472.6006883559,1952136.209122994
179,104900115,성자초등학교앞,마을버스,5596,127.082568,37.53152,95435,661-21도,1121510500106610021,1105064,자양1동,POINT (963118.5846757804 1948105.0903787802),963118.5846757804,1948105.0903787802
180,104900113,국민은행자양지점,마을버스,5668,127.079297,37.532187,95042,616-39도,1121510500106160039,1105064,자양1동,POINT (962829.9113248452 1948180.3777914299),962829.9113248452,1948180.3777914299
181,104900007,자양중학교앞,마을버스,5677,127.076276,37.534635,93692,611-4대,1121510500106110004,1105064,자양1동,POINT (962564.2213452407 1948453.1671181556),962564.2213452407,1948453.1671181556
182,104900005,자양1파출소앞,마을버스,5680,127.076907,37.536765,92502,799-1대,1121510500107990001,1105064,자양1동,POINT (962621.0332811229 1948689.2270569075),962621.0332811229,1948689.2270569075
183,104000095,자양동잠실대교북단,일반차로,5188,127.084806,37.532955,247496,658-14 대,1121510500106580014,1105064,자양1동,POINT (963317.0226804746 1948263.4197489824),963317.0226804746,1948263.4197489824
184,104000094,자양아파트앞,일반차로,5187,127.084608,37.532192,106504,732 도,1121510500107320000,1105064,자양1동,POINT (963299.1551336271 1948178.8467149115),963299.1551336271,1948178.8467149115
185,104000092,국민은행자양지점앞,일반차로,5185,127.081413,37.531573,95554,653-3도,1121510500106530003,1105064,자양1동,POINT (963016.5625321728 1948111.4239718684),963016.5625321728,1948111.4239718684
186,104000090,자양미소약국.자양골목시장,일반차로,5183,127.077319,37.53275,105904,718 도,1121510500107180000,1105064,자양1동,POINT (962655.4303231613 1948243.6228809657),962655.4303231613,1948243.6228809657
187,104000086,자양초등학교앞,일반차로,5179,127.078796,37.537479,92117,223-4대,1121510500102230004,1105064,자양1동,POINT (962788.2762201693 1948767.69197958),962788.2762201693,1948767.69197958
188,104000085,자양초등학교앞,일반차로,5178,127.078659,37.537844,91863,224-17도,1121510500102240017,1105064,자양1동,POINT (962776.3541908149 1948808.240809632),962776.3541908149,1948808.240809632
189,104000084,자양사거리,일반차로,5177,127.082104,37.53675,92111,219-16도,1121510500102190016,1105064,자양1동,POINT (963080.167001387 1948685.5098346549),963080.167001387,1948685.5098346549
190,104000083,자양사거리,일반차로,5176,127.082604,37.536889,92111,219-16도,1121510500102190016,1105064,자양1동,POINT (963124.4091234085 1948700.7348792588),963124.4091234085,1948700.7348792588
191,104000082,광진구청,일반차로,5175,127.083153,37.538488,91615,777대,1121510500107770000,1105064,자양1동,POINT (963173.6981084307 1948877.919378777),963173.6981084307,1948877.919378777
192,104900098,미니스톱구의중앙점앞,마을버스,5710,127.089871,37.541563,87244,227-17도,1121510300102270017,1105060,구의1동,POINT (963768.6897105093 1949216.4628475287),963768.6897105093,1949216.4628475287
193,104900092,구의역2번출구,마을버스,5590,127.087941,37.537691,88947,245-24도,1121510300102450024,1105060,구의1동,POINT (963596.3078819492 1948787.6325875437),963596.3078819492,1948787.6325875437
194,104900079,구의역,마을버스,5718,127.089093,37.538276,88947,245-24도,1121510300102450024,1105060,구의1동,POINT (963698.3663293162 1948852.0895409354),963698.3663293162,1948852.0895409354
195,104000056,구의역2번출구,일반차로,5149,127.087977,37.537703,88947,245-24도,1121510300102450024,1105060,구의1동,POINT (963599.4941791544 1948788.949980822),963599.4941791544,1948788.949980822
196,104900091,광진경찰서앞,마을버스,5599,127.084355,37.542347,87552,250-19대,1121510300102500019,1105060,구의1동,POINT (963281.7816373291 1949305.5828448865),963281.7816373291,1949305.5828448865
197,104000054,광진경찰서,일반차로,5147,127.084359,37.542211,87552,250-19대,1121510300102500019,1105060,구의1동,POINT (963282.0683025004 1949290.4928720244),963282.0683025004,1949290.4928720244
198,104900090,광진경찰서,마을버스,5573,127.083714,37.541594,87237,236-11도,1121510300102360011,1105060,구의1동,POINT (963224.7853635574 1949222.2923777937),963224.7853635574,1949222.2923777937
199,104000052,광진경찰서,일반차로,5145,127.083688,37.541534,87237,236-11도,1121510300102360011,1105060,구의1동,POINT (963222.4590087124 1949215.6458958164),963222.4590087124,1949215.6458958164
200,104900014,구의역1번출구,마을버스,5594,127.08518,37.537009,89717,246-20도,1121510300102460020,1105060,구의1동,POINT (963352.0501836957 1948713.041143946),963352.0501836957,1948713.041143946
201,104900006,래미안구의파크스위트사거리,마을버스,5679,127.090464,37.54413,105902,229-47 도,1121510300102290047,1105060,구의1동,POINT (963822.3167511047 1949501.028239274),963822.3167511047,1949501.028239274
202,104900002,구의홈마트앞,마을버스,5714,127.089565,37.540319,88096,223-10도,1121510300102230010,1105060,구의1동,POINT (963741.054738271 1949078.5662745691),963741.054738271,1949078.5662745691
203,104000057,래미안구의파크스위트,일반차로,5150,127.089104,37.544655,86566,230-1대,1121510300102300001,1105060,구의1동,POINT (963702.4307766187 1949559.798121555),963702.4307766187,1949559.798121555
204,104000055,광진구청,일반차로,5148,127.083519,37.538986,89185,252-14대,1121510300102520014,1105060,구의1동,POINT (963206.2771913443 1948933.0262850558),963206.2771913443,1948933.0262850558
205,104000053,광진경찰서,일반차로,5146,127.084647,37.543087,87266,236-46대,1121510300102360046,1105060,구의1동,POINT (963307.9397991203 1949387.567566861),963307.9397991203,1949387.567566861
206,104000051,구의사거리.광진소방서앞,가로변시간,5144,127.08458,37.544933,86516,253-7대,1121510300102530007,1105060,구의1동,POINT (963302.9259069844 1949592.3967615336),963302.9259069844,1949592.3967615336
207,104900096,아차산역,마을버스,5708,127.09054,37.55082,84609,96도,1121510300100960000,1105061,구의2동,POINT (963832.2630191719 1950243.2161799457),963832.2630191719,1950243.2161799457
208,104000165,어린이대공원후문,일반차로,5258,127.090508,37.550867,84609,96도,1121510300100960000,1105061,구의2동,POINT (963829.4591495065 1950248.4428755736),963829.4591495065,1950248.4428755736
209,104000006,어린이대공원후문아차산역,중앙차로,5006,127.090149,37.551208,84609,96도,1121510300100960000,1105061,구의2동,POINT (963797.9133786311 1950286.4130853447),963797.9133786311,1950286.4130853447
210,104900095,구의사거리,마을버스,5669,127.086376,37.545849,86280,68-29대,1121510300100680029,1105061,구의2동,POINT (963462.0274661217 1949693.3222124865),963462.0274661217,1949693.3222124865
211,104000061,구의사거리,일반차로,5154,127.086348,37.545817,86280,68-29대,1121510300100680029,1105061,구의2동,POINT (963459.5384215798 1949689.782878151),963459.5384215798,1949689.782878151
212,104900094,구의사거리,마을버스,5568,127.08566,37.545566,85980,131도,1121510300101310000,1105061,구의2동,POINT (963398.6400936997 1949662.2034843713),963398.6400936997,1949662.2034843713
213,104000060,구의사거리,일반차로,5153,127.085747,37.545651,85980,131도,1121510300101310000,1105061,구의2동,POINT (963406.3669571204 1949671.5998807247),963406.3669571204,1949671.5998807247
214,104900093,구의2동주민센터,마을버스,5678,127.08961,37.548668,85391,71-26대,1121510300100710026,1105061,구의2동,POINT (963749.0732093424 1950004.8222132707),963749.0732093424,1950004.8222132707
215,104000059,구의2동주민센터입구,일반차로,5152,127.089586,37.548642,85391,71-26대,1121510300100710026,1105061,구의2동,POINT (963746.9406185052 1950001.9469161227),963746.9406185052,1950001.9469161227
216,104900080,영화사입구,마을버스,5717,127.09415,37.554083,84150,26-15대,1121510300100260015,1105061,구의2동,POINT (964152.6998243827 1950603.84484759),964152.6998243827,1950603.84484759
217,104900061,아차산역사거리,마을버스,5752,127.091435,37.550672,211814,57-122 도,1121510300100570122,1105061,구의2동,POINT (963911.2476521258 1950226.4524614937),963911.2476521258,1950226.4524614937
218,104900040,영화사입구,마을버스,5541,127.094118,37.554229,84127,87-1도,1121510300100870001,1105061,구의2동,POINT (964149.9433046598 1950620.0549314292),964149.9433046598,1950620.0549314292
219,104900036,성안약국,마을버스,5545,127.093297,37.55321,106250,88-1 도,1121510300100880001,1105061,구의2동,POINT (964076.9379697602 1950507.3160391052),964076.9379697602,1950507.3160391052
220,104900035,지영슈퍼,마을버스,5549,127.092194,37.551819,231318,89 도,1121510300100890000,1105061,구의2동,POINT (963978.8428253273 1950353.4145147882),963978.8428253273,1950353.4145147882
221,104900034,아차산역사거리,마을버스,5553,127.091205,37.550807,105975,54-13대,1121510300100540013,1105061,구의2동,POINT (963890.9966761037 1950241.518265527),963890.9966761037,1950241.518265527
222,104900030,선화예고앞,마을버스,5558,127.090059,37.549485,85053,111도,1121510300101110000,1105061,구의2동,POINT (963789.1300877235 1950095.2906713774),963789.1300877235,1950095.2906713774
223,104000058,구의2동주민센터입구,일반차로,5151,127.089785,37.549252,85053,111도,1121510300101110000,1105061,구의2동,POINT (963764.8142425696 1950069.5462210395),963764.8142425696,1950069.5462210395
224,104900027,대진택시,마을버스,5563,127.088099,37.54773,85662,129-1도,1121510300101290001,1105061,구의2동,POINT (963615.145704686 1949901.3401742822),963615.145704686,1949901.3401742822
225,104900009,서울서광교회앞,마을버스,5672,127.088351,37.547585,85787,70-8대,1121510300100700008,1105061,구의2동,POINT (963637.335529712 1949885.155755696),963637.335529712,1949885.155755696
226,104900004,지영슈퍼,마을버스,5709,127.09231,37.551774,84711,48-8대,1121510300100480008,1105061,구의2동,POINT (963989.0673999568 1950348.377576619),963989.0673999568,1950348.377576619
227,104900003,성안약국,마을버스,5713,127.093392,37.553142,84369,31-23대,1121510300100310023,1105061,구의2동,POINT (964085.2964872668 1950499.735522152),964085.2964872668,1950499.735522152
228,104000296,새밭교회,중앙차로,5009,127.093499,37.548918,154130,40-2 도,1121510300100400002,1105061,구의2동,POINT (964092.7211759704 1950031.065804745),964092.7211759704,1950031.065804745
229,104000295,새밭교회,중앙차로,5010,127.092614,37.548958,85155,91도,1121510300100910000,1105061,구의2동,POINT (964014.5657381909 1950035.841964325),964014.5657381909,1950035.841964325
230,104000164,새밭교회,일반차로,5257,127.092452,37.548948,85155,91도,1121510300100910000,1105061,구의2동,POINT (964000.2509968714 1950034.7945432966),964000.2509968714,1950034.7945432966
231,104000163,새밭교회앞,일반차로,5256,127.093572,37.54906,105363,38 공,1121510300100380000,1105061,구의2동,POINT (964099.2375889026 1950046.7920145183),964099.2375889026,1950046.7920145183
232,104000062,래미안구의파크스위트,일반차로,5155,127.089051,37.544964,233202,203-27 도,1121510300102030027,1105061,구의2동,POINT (963697.898701781 1949594.10035027),963697.898701781,1949594.10035027
233,104900082,용마사거리,마을버스,5726,127.081243,37.562757,76488,277-5도,1121510100102770005,1105055,중곡1동,POINT (963016.9522333874 1951571.1778936132),963016.9522333874,1951571.1778936132
234,104900081,동곡삼거리,마을버스,5730,127.078177,37.563758,106455,280-2 천,1121510100102800002,1105055,중곡1동,POINT (962746.671804012 1951683.4443712046),962746.671804012,1951683.4443712046
235,104000251,동곡삼거리,일반차로,5690,127.078066,37.563788,106455,280-2 천,1121510100102800002,1105055,중곡1동,POINT (962736.8837280442 1951686.8167155774),962736.8837280442,1951686.8167155774
236,104900045,기업은행.용마사거리,마을버스,5535,127.081433,37.562446,76799,242-3대,1121510100102420003,1105055,중곡1동,POINT (963033.5787309553 1951536.5993764962),963033.5787309553,1951536.5993764962
237,104000275,중곡동성당,일반차로,5268,127.082525,37.562964,106490,675 도,1121510100106750000,1105055,중곡1동,POINT (963130.2761998451 1951593.6397155777),963130.2761998451,1951593.6397155777
238,104000019,중곡2동주민센터앞,일반차로,5112,127.080855,37.559884,106490,675 도,1121510100106750000,1105055,중곡1동,POINT (962981.2638816183 1951252.5869057595),962981.2638816183,1951252.5869057595
239,104000169,동곡삼거리,일반차로,5262,127.078145,37.563555,76157,247-5대,1121510100102470005,1105055,중곡1동,POINT (962743.7446143563 1951660.9352983504),962743.7446143563,1951660.9352983504
240,104000030,중곡아파트,일반차로,5123,127.077177,37.565796,111569,263-1 도,1121510100102630001,1105055,중곡1동,POINT (962659.3735982385 1951909.946423437),962659.3735982385,1951909.946423437
241,104000018,용마사거리,일반차로,5111,127.081872,37.562291,76888,163-2대,1121510100101630002,1105055,중곡1동,POINT (963072.2733983942 1951519.2303845377),963072.2733983942,1951519.2303845377
242,104000015,중곡1동사거리,일반차로,5108,127.079416,37.562615,172465,264-1 도,1121510100102640001,1105055,중곡1동,POINT (962855.5271937563 1951556.1442726692),962855.5271937563,1951556.1442726692
243,104000013,중곡1동주민센터입구,일반차로,5106,127.078495,37.56095,172465,264-1 도,1121510100102640001,1105055,중곡1동,POINT (962773.3589439291 1951371.7859424036),962773.3589439291,1951371.7859424036
244,104000014,중곡1동사거리,일반차로,5107,127.079473,37.562454,76806,244-52도,1121510100102440052,1105055,중곡1동,POINT (962860.4813294413 1951538.2596665197),962860.4813294413,1951538.2596665197
245,104000012,중곡1동주민센터입구,일반차로,5105,127.078279,37.560268,126273,643-4 종,1121510100106430004,1105055,중곡1동,POINT (962753.9425783978 1951296.207326951),962753.9425783978,1951296.207326951
246,104000011,메리놀외방선교회,일반차로,5104,127.077632,37.559087,79555,640-2대,1121510100106400002,1105055,중곡1동,POINT (962696.2109931827 1951165.4384099427),962696.2109931827,1951165.4384099427
247,104000010,메리놀외방선교회,일반차로,5103,127.077541,37.559211,79283,669도,1121510100106690000,1105055,중곡1동,POINT (962688.2356162572 1951179.2316536114),962688.2356162572,1951179.2316536114
248,104000009,군자교,일반차로,5102,127.075229,37.562386,76788,610-3대,1121510100106100003,1105055,중곡1동,POINT (962485.6297711792 1951532.4010091547),962485.6297711792,1951532.4010091547
249,104000008,군자교,일반차로,5101,127.075203,37.561533,77282,614-1대,1121510100106140001,1105055,중곡1동,POINT (962482.9057855849 1951437.775644061),962482.9057855849,1951437.775644061
250,104000001,군자교입구,중앙차로,5001,127.075646,37.558741,79317,659도,1121510100106590000,1105055,중곡1동,POINT (962520.6321701362 1951127.8416760778),962520.6321701362,1951127.8416760778
251,104900071,자양종합복지관앞,마을버스,5733,127.075324,37.53245,94663,717-2도,1121510500107170002,1105066,자양3동,POINT (962479.0176225975 1948211.1337236196),962479.0176225975,1948211.1337236196
252,104900042,송림식당앞,마을버스,5539,127.07663,37.536822,106508,794-10 도,1121510500107940010,1105066,자양3동,POINT (962596.5895367436 1948695.6610123185),962596.5895367436,1948695.6610123185
253,104900037,자양중학교앞,마을버스,5544,127.075996,37.534691,105909,712 도,1121510500107120000,1105066,자양3동,POINT (962539.5113957047 1948459.491484364),962539.5113957047,1948459.491484364
254,104000300,뚝섬유원지,일반차로,5900,127.066791,37.531082,99533,97-5천,1121510500100970005,1105066,자양3동,POINT (961724.4070418493 1948062.800768789),961724.4070418493,1948062.800768789
255,104000256,광진구의회,일반차로,5695,127.070479,37.539227,137162,227-337 도,1121510500102270337,1105066,자양3동,POINT (962054.3841084351 1948964.9460673104),962054.3841084351,1948964.9460673104
256,104000111,광진문화예술회관,일반차로,5204,127.070169,37.538565,137162,227-337 도,1121510500102270337,1105066,자양3동,POINT (962026.6616058983 1948891.6261574784),962026.6616058983,1948891.6261574784
257,104000168,제일은행사거리,일반차로,5261,127.074751,37.533551,94011,520-1도,1121510500105200001,1105066,자양3동,POINT (962428.9439961847 1948333.5118907234),962428.9439961847,1948333.5118907234
258,104000118,자양우성아파트앞,일반차로,5211,127.073407,37.533947,94011,520-1도,1121510500105200001,1105066,자양3동,POINT (962310.3993429617 1948377.9835251751),962310.3993429617,1948377.9835251751
259,104000129,신양초등학교앞,일반차로,5222,127.067995,37.53351,105300,855 대,1121510500108550000,1105066,자양3동,POINT (961832.0227044817 1948331.683661243),961832.0227044817,1948331.683661243
260,104000121,대동아파트앞,일반차로,5214,127.068967,37.536419,247566,510-6 도,1121510500105100006,1105066,자양3동,POINT (961919.3793142198 1948654.0260573088),961919.3793142198,1948654.0260573088
261,104000110,뚝도변전소앞,일반차로,5203,127.069025,37.536077,247566,510-6 도,1121510500105100006,1105066,자양3동,POINT (961924.3295959046 1948616.0596756134),961924.3295959046,1948616.0596756134
262,104000120,자양고교앞,일반차로,5213,127.07136,37.534316,93803,553-501대,1121510500105530501,1105066,자양3동,POINT (962129.7320851005 1948419.7442327042),962129.7320851005,1948419.7442327042
263,104000119,자양고교앞,일반차로,5212,127.071171,37.534579,105180,553-500도,1121510500105530500,1105066,자양3동,POINT (962113.1669381057 1948448.9986562526),962113.1669381057,1948448.9986562526
264,104000117,자양우성아파트앞,일반차로,5210,127.073518,37.533686,94103,520-2대,1121510500105200002,1105066,자양3동,POINT (962320.0749542858 1948348.9826413083),962320.0749542858,1948348.9826413083
265,104000116,신자초등학교앞,일반차로,5209,127.074922,37.530768,95993,738도,1121510500107380000,1105066,자양3동,POINT (962442.6565224605 1948024.68631914),962442.6565224605,1948024.68631914
266,104000112,건국대학교앞,일반차로,5205,127.074875,37.538446,91809,227-217대,1121510500102270217,1105066,자양3동,POINT (962442.3545946192 1948876.5338008245),962442.3545946192,1948876.5338008245
267,104000109,신양초등학교앞,일반차로,5202,127.068947,37.535234,105174,550-2도,1121510500105500002,1105066,자양3동,POINT (961917.009743863 1948522.565357963),961917.009743863,1948522.565357963
268,104000108,신양초등학교앞,일반차로,5201,127.069288,37.534912,93467,504학,1121510500105040000,1105066,자양3동,POINT (961946.9731965021 1948486.7033146052),961946.9731965021,1948486.7033146052
269,104900031,영동대교입구.성수사거리,마을버스,5556,127.064341,37.542399,101608,50-1대,1121510700100500001,1105053,화양동,POINT (961513.7562545768 1949319.3558219976),961513.7562545768,1949319.3558219976
270,104900028,화양동현대아파트,마을버스,5561,127.06524,37.543983,101010,42-1대,1121510700100420001,1105053,화양동,POINT (961593.9871600438 1949494.7239748982),961593.9871600438,1949494.7239748982
271,104900024,성수대우프레시아1차아파트,마을버스,5566,127.065985,37.545294,100537,41-9대,1121510700100410009,1105053,화양동,POINT (961660.4710199211 1949639.8679101656),961660.4710199211,1949639.8679101656
272,104900022,화양사거리SKV1센터,마을버스,5571,127.066494,37.546197,100152,24-11대,1121510700100240011,1105053,화양동,POINT (961705.8966385836 1949739.8431993877),961705.8966385836,1949739.8431993877
273,104000304,건대입구(가상),가상정류장,5499,127.07099,37.540191,106033,4-20 대,1121510700100040020,1105053,화양동,POINT (962100.0160752875 1949071.690190014),962100.0160752875,1949071.690190014
274,104000301,건국대입구,일반차로,5901,127.067564,37.541115,101940,48-10도,1121510700100480010,1105053,화양동,POINT (961797.8232864542 1949175.5890582504),961797.8232864542,1949175.5890582504
275,104000137,건대입구역1번출구,일반차로,5230,127.068167,37.540896,101940,48-10도,1121510700100480010,1105053,화양동,POINT (961850.982073213 1949151.0474530982),961850.982073213,1949151.0474530982
276,104000290,어린이회관,일반차로,5233,127.079252,37.545262,102221,302-4대,1121510700103020004,1105053,화양동,POINT (962832.4260208455 1949630.9903313036),962832.4260208455,1949630.9903313036
277,104000258,건대입구역,일반차로,5697,127.071901,37.54228,101402,4-14도,1121510700100040014,1105053,화양동,POINT (962181.5520206601 1949303.0858752234),962181.5520206601,1949303.0858752234
278,104000257,건대입구역,일반차로,5696,127.072093,37.54338,100668,2-50도,1121510700100020050,1105053,화양동,POINT (962199.0688598554 1949425.0473460369),962199.0688598554,1949425.0473460369
279,104000170,건대병원입구,일반차로,5263,127.071473,37.542108,101734,5-52도,1121510700100050052,1105053,화양동,POINT (962143.6551669277 1949284.1756984435),962143.6551669277,1949284.1756984435
280,104000141,어린이대공원역.화양천주교회,일반차로,5234,127.073588,37.545904,99867,39-5도,1121510700100390005,1105053,화양동,POINT (962332.4064709854 1949704.4707177232),962332.4064709854,1949704.4707177232
281,104000139,건대입구역사거리.건대병원,일반차로,5232,127.071264,37.540981,101930,4-15도,1121510700100040015,1105053,화양동,POINT (962124.6217722964 1949159.2257157844),962124.6217722964,1949159.2257157844
282,104000138,어린이대공원역3번출구,일반차로,5231,127.075246,37.546695,102056,527-1도,1121510700105270001,1105053,화양동,POINT (962479.2649713762 1949791.5646922982),962479.2649713762,1949791.5646922982
283,104000136,건대입구역사거리.건대병원,일반차로,5229,127.070908,37.540974,101984,5-106대,1121510700100050106,1105053,화양동,POINT (962093.1683379841 1949158.5925648124),962093.1683379841,1949158.5925648124
284,104000135,서울화양초등학교,일반차로,5228,127.072222,37.543765,101064,2-49대,1121510700100020049,1105053,화양동,POINT (962210.658995487 1949467.7090337393),962210.658995487,1949467.7090337393
285,104000134,어린이대공원역.화양천주교회,일반차로,5227,127.073628,37.546622,99982,164-2도,1121510700101640002,1105053,화양동,POINT (962336.3011834414 1949784.1127085383),962336.3011834414,1949784.1127085383
286,104000133,광진광장,일반차로,5226,127.071152,37.547778,247412,116-24 대,1121510700101160024,1105053,화양동,POINT (962118.1669326968 1949913.359145185),962118.1669326968,1949913.359145185
287,104000132,화양사거리,일반차로,5225,127.067089,37.547232,99810,23-28대,1121510700100230028,1105053,화양동,POINT (961758.9854402484 1949854.4284142624),961758.9854402484,1949854.4284142624
288,104000131,성수사거리,일반차로,5224,127.064777,37.543159,101284,42-24대,1121510700100420024,1105053,화양동,POINT (961552.6631033856 1949403.4951020177),961552.6631033856,1949403.4951020177
289,104000087,건국대학교앞,일반차로,5180,127.074926,37.538949,91575,526-34학,1121510700105260034,1105053,화양동,POINT (962447.1124702176 1948932.3183474375),962447.1124702176,1948932.3183474375
290,104000299,중곡동입구삼거리,중앙차로,5008,127.084866,37.554827,106499,256-16 도,1121510200102560016,1105059,능동,POINT (963333.037672083 1950689.968449848),963333.037672083,1950689.968449848
291,104000007,어린이대공원후문아차산역,중앙차로,5007,127.089245,37.552423,106499,256-16 도,1121510200102560016,1105059,능동,POINT (963718.6518085904 1950421.5589944054),963718.6518085904,1950421.5589944054
292,104000287,아차산역,일반차로,5552,127.089052,37.552481,83660,256-5공,1121510200102560005,1105059,능동,POINT (963701.6324738592 1950428.0682743923),963701.6324738592,1950428.0682743923
293,104000262,군자역,일반차로,5701,127.07906,37.555912,82540,279-4대,1121510200102790004,1105059,능동,POINT (962820.7558784571 1950812.6238152557),962820.7558784571,1950812.6238152557
294,104000260,세종대학교,일반차로,5699,127.076031,37.549855,234817,18 공,1121510200100180000,1105059,능동,POINT (962550.1894551711 1950141.8358144064),962550.1894551711,1950141.8358144064
295,104000050,어린이회관,가로변시간,5143,127.077231,37.546028,83932,465-2도,1121510200104650002,1105059,능동,POINT (962654.2784434725 1949716.7745090954),962654.2784434725,1949716.7745090954
296,104000049,구의사거리.광진소방서앞,가로변시간,5142,127.083978,37.54525,83940,462도,1121510200104620000,1105059,능동,POINT (963249.9022370742 1949627.8012257637),963249.9022370742,1949627.8012257637
297,104000048,능동사거리.군자역,일반차로,5141,127.078635,37.555177,105245,282-1대,1121510200102820001,1105059,능동,POINT (962782.8523244438 1950731.2478200728),962782.8523244438,1950731.2478200728
298,104000047,어린이대공원앞,일반차로,5140,127.077031,37.552046,83819,315-14대,1121510200103150014,1105059,능동,POINT (962639.6150387782 1950384.517075044),962639.6150387782,1950384.517075044
299,104000004,군자역.용마초등학교,중앙차로,5004,127.081566,37.556223,82493,265-10도,1121510200102650010,1105059,능동,POINT (963042.2512733685 1950846.139279995),963042.2512733685,1950846.139279995
300,104000293,화양사거리,일반차로,5249,127.068684,37.548329,110561,355-9 도,1121510900103550009,1105054,군자동,POINT (961900.4381567976 1949975.486800167),961900.4381567976,1949975.486800167
301,104000261,군자역,일반차로,5700,127.078861,37.556364,102723,499도,1121510900104990000,1105054,군자동,POINT (962803.403929952 1950862.8494493084),962803.403929952,1950862.8494493084
302,104000160,능동사거리.군자역,일반차로,5253,127.07882,37.556322,102723,499도,1121510900104990000,1105054,군자동,POINT (962799.7617582243 1950858.2060066299),962799.7617582243,1950858.2060066299
303,104000259,세종대학교,일반차로,5698,127.075566,37.549862,104686,92-18도,1121510900100920018,1105054,군자동,POINT (962509.1186266791 1950142.797764202),962509.1186266791,1950142.797764202
304,104000162,군자동주민센터앞,일반차로,5255,127.076153,37.554899,103410,64-2도,1121510900100640002,1105054,군자동,POINT (962563.4890737021 1950701.3908592009),962563.4890737021,1950701.3908592009
305,104000161,군자역먹자골목사거리,일반차로,5254,127.077546,37.556079,102648,498도,1121510900104980000,1105054,군자동,POINT (962687.1154822094 1950831.751462751),962687.1154822094,1950831.751462751
306,104000159,능동교회앞,일반차로,5252,127.076993,37.552874,106467,47-2 도,1121510900100470002,1105054,군자동,POINT (962636.6718896958 1950476.3941537433),962636.6718896958,1950476.3941537433
307,104000158,어린이대공원앞.세종대학교,일반차로,5251,127.07544,37.549752,247549,98 학,1121510900100980000,1105054,군자동,POINT (962497.9336939873 1950130.6441393027),962497.9336939873,1950130.6441393027
308,104000157,광진광장,일반차로,5250,127.071362,37.548015,104521,346-42도,1121510900103460042,1105054,군자동,POINT (962136.8370306244 1949939.568360212),962136.8370306244,1949939.568360212
309,104000155,장안초등학교,일반차로,5248,127.070521,37.548761,105397,360-48 도,1121510900103600048,1105054,군자동,POINT (962062.9261530691 1950022.6718922986),962062.9261530691,1950022.6718922986
310,104000154,장안초등학교,일반차로,5247,127.070755,37.548692,105821,503-1 도,1121510900105030001,1105054,군자동,POINT (962083.5611719047 1950014.9223296945),962083.5611719047,1950014.9223296945
311,104000153,군자새마을금고앞,일반차로,5246,127.071088,37.551357,104475,342-23도,1121510900103420023,1105054,군자동,POINT (962114.3251113829 1950310.4548818972),962114.3251113829,1950310.4548818972
312,104000152,군자새마을금고.성동광진위센터,일반차로,5245,127.071323,37.551851,104367,364대,1121510900103640000,1105054,군자동,POINT (962135.3326171605 1950365.166743929),962135.3326171605,1950365.166743929
313,104000151,세종초교앞,일반차로,5244,127.074255,37.553771,105355,64-6 대,1121510900100640006,1105054,군자동,POINT (962395.2796142851 1950577.0031065447),962395.2796142851,1950577.0031065447
314,104000150,세종초등학교.세종사이버대학교앞,일반차로,5243,127.07324,37.553426,103937,111-2도,1121510900101110002,1105054,군자동,POINT (962305.4536500868 1950539.1337997317),962305.4536500868,1950539.1337997317
315,104000149,군자삼거리,일반차로,5242,127.075323,37.554647,125313,49-19 대,1121510900100490019,1105054,군자동,POINT (962490.0522255136 1950673.7637373738),962490.0522255136,1950673.7637373738
316,104000148,군자삼거리,일반차로,5241,127.075287,37.554976,102755,55-1도,1121510900100550001,1105054,군자동,POINT (962487.0373995097 1950710.2788327078),962487.0373995097,1950710.2788327078
317,104000147,능동우편취급국,일반차로,5240,127.076033,37.556161,103056,49-5도,1121510900100490005,1105054,군자동,POINT (962553.5214660099 1950841.4505866854),962553.5214660099,1950841.4505866854
318,104000146,KEB.하나은행.군자동.지점,일반차로,5239,127.076559,37.557156,102684,471-18도,1121510900104710018,1105054,군자동,POINT (962600.4774252006 1950951.630940651),962600.4774252006,1950951.630940651
319,104000145,KEB.하나은행.군자동.지점,일반차로,5238,127.076709,37.557709,102394,484도,1121510900104840000,1105054,군자동,POINT (962614.0022101799 1951012.9235811706),962614.0022101799,1951012.9235811706
320,104000002,군자교입구,중앙차로,5002,127.0749,37.558794,102394,484도,1121510900104840000,1105054,군자동,POINT (962454.7709879697 1951134.0194696912),962454.7709879697,1951134.0194696912
321,104000144,군자교남단,일반차로,5237,127.072788,37.557411,102556,29-65도,1121510900100290065,1105054,군자동,POINT (962267.5388878715 1950981.4289237177),962267.5388878715,1950981.4289237177
322,104000143,송정동건영아파트,일반차로,5236,127.07125,37.554597,247426,130-8대,1121510900101300008,1105054,군자동,POINT (962130.2740900468 1950669.8496124018),962130.2740900468,1950669.8496124018
323,104000142,송정동서울숲아이파크,일반차로,5235,127.069598,37.551704,241249,341-55 도,1121510900103410055,1105054,군자동,POINT (961982.8894522487 1950349.5541266366),961982.8894522487,1950349.5541266366
324,104000255,광진구의회,일반차로,5694,127.070117,37.539197,97471,2-5도,1121510500100020005,1105067,자양4동,POINT (962022.3881978702 1948961.76388358),962022.3881978702,1948961.76388358
325,104000238,영동대교북단,일반차로,5667,127.061227,37.536746,106486,203-22 도,1121510500102030022,1105067,자양4동,POINT (961235.736696774 1948693.467237364),961235.736696774,1948693.467237364
326,104000126,노룬산시장앞,일반차로,5219,127.062945,37.536806,106486,203-22 도,1121510500102030022,1105067,자양4동,POINT (961387.5484896107 1948699.4170796103),961387.5484896107,1948699.4170796103
327,104000237,자양동,일반차로,5666,127.06754,37.53535,93306,553-363대,1121510500105530363,1105067,자양4동,POINT (961792.7616325212 1948536.005587755),961792.7616325212,1948536.005587755
328,104000236,자양동,일반차로,5665,127.067986,37.535533,92867,508-9도,1121510500105080009,1105067,자양4동,POINT (961832.2585741767 1948556.1272544158),961832.2585741767,1948556.1272544158
329,104000122,국민은행신자양지점,일반차로,5215,127.067313,37.535664,92867,508-9도,1121510500105080009,1105067,자양4동,POINT (961772.8666840122 1948570.9342964632),961772.8666840122,1948570.9342964632
330,104000171,뚝섬유원지,일반차로,5264,127.066811,37.532116,85798,65-2도,1121510500100650002,1105067,자양4동,POINT (961726.702504016 1948177.5087903708),961726.702504016,1948177.5087903708
331,104000130,자양4동주민센터앞,일반차로,5223,127.067497,37.533632,104192,65-11도,1121510500100650011,1105067,자양4동,POINT (961788.0860470869 1948345.421070576),961788.0860470869,1948345.421070576
332,104000128,노룬산시장앞,일반차로,5221,127.062899,37.536607,98485,239-1대,1121510500102390001,1105067,자양4동,POINT (961383.3818913568 1948677.358078019),961383.3818913568,1948677.358078019
333,104000127,영동대교북단,일반차로,5220,127.061162,37.536568,98481,235-3전,1121510500102350003,1105067,자양4동,POINT (961229.9019587532 1948673.7459698054),961229.9019587532,1948673.7459698054
334,104000125,건대로데오거리입구,일반차로,5218,127.069926,37.538919,247655,2-65 도,1121510500100020065,1105067,자양4동,POINT (962005.373336729 1948930.9985563012),962005.373336729,1948930.9985563012
335,104000124,건대입구역6번출구,일반차로,5217,127.067279,37.540827,97155,8-24대,1121510500100080024,1105067,자양4동,POINT (961772.4987052646 1949143.7529470434),961772.4987052646,1949143.7529470434
336,104000123,노룬산시장,일반차로,5216,127.062691,37.539503,97503,250-10대,1121510500102500010,1105067,자양4동,POINT (961366.4997665873 1948998.7379146784),961366.4997665873,1948998.7379146784
337,104000107,국민은행신자양지점,일반차로,5200,127.066875,37.535572,93172,553-187대,1121510500105530187,1105067,자양4동,POINT (961734.1229548064 1948560.9055721848),961734.1229548064,1948560.9055721848
